URL,Bio,Following Count,Followers Count,Location,Website
https://twitter.com/GTNUK1,Providing Entertainment & Travel to Commercial Radio. Reaching 28.9M weekly listeners. Winners of The Arqiva National Sales Team of the Year 2010, 2011 & 2016,Not available,Not available,London, England,https://t.co/aJKvkwp2dG
https://twitter.com/whatsapp,"push, push",4,Not available,California,https://t.co/ku2ShnxNRC
https://twitter.com/aacb_CBPTrade,Customs Broker,124,44,Not available,Not available
https://twitter.com/aacbdotcom,A & A Freight | Warehousing | Customs Brokerage | Helping people ship across borders.,3889,700,Not available,http://t.co/laZo1M99c7
https://twitter.com/@AAWindowPRODUCT,A commercial glass and glazing company serving the window industry in New England since 1954. #SafetyQualityService,Not available,82,Not available,https://t.co/UrYUiEDwWi
https://www.twitter.com/aandb_kia,A&B Kia is a Kia dealer in Benwood, WV. Stay connected to exceed expectations. Build strong relationships. Drive the best with us.,Not available,Not available,Benwood, West Virginia,http://t.co/H1m1Bi9YHp
https://twitter.com/ABHomeInc,Industry leader in wholesale home decor, furniture, and garden, since 1993.,178,367,Rancho Cucamonga, CA,https://t.co/2lx3XxMZio
https://twitter.com/Abrepro,From large format black & white prints to the most sophisticated of digital color printing jobs, A & B can get the job done right.,Not available,Not available,Bentonville, AR,http://t.co/zyISURRqvP
http://www.twitter.com,Not available,Not available,Not available,Not available,Not available
https://twitter.com/ACChristofiLtd,A & C CHRISTOFI LTD is a fast growing professional services company based in Limassol, Cyprus. Our main Concern is your Business.,291,Not available,Cyprus,https://t.co/msJpvYtuAt
https://twitter.com/aeclothing1,Used Clothing Distributor,Not available,Not available,Carteret,https://t.co/sIZNy1TeMH
http://www.twitter.com/,Not available,Not available,Not available,Not available,Not available
https://twitter.com/AETechnologies1,Not available,1,34,BoulderCO USA,http://t.co/eMS6qX752b
http://www.twitter.com/wix,"Create, manage and grow your business online with Wix. It’s more than just a website builder, it’s how your vision comes to life. For support: ",Not available,Not available,We're everywhere!,https://t.co/vzQPGJokOE
https://twitter.com/AGInsuranceLLC,A & G Insurance prides itself on being your local, full service, Independent Insurance Agency.,257,100,Connecticut,http://t.co/qDF7dVozxt
